epoch,time,train/box_loss,train/cls_loss,train/dfl_loss,metrics/precision(B),metrics/recall(B),metrics/mAP50(B),metrics/mAP50-95(B),val/box_loss,val/cls_loss,val/dfl_loss,lr/pg0,lr/pg1,lr/pg2
1,44.9208,0.80761,2.23415,1.29071,0.00672,1,0.93319,0.8037,0.35615,2.31669,0.63874,0.00028,0.00028,0.00028
2,86.8482,0.36233,1.58339,1.00705,0.0064,1,0.995,0.995,0.18287,1.94285,0.52501,0.0003886,0.0003886,0.0003886
3,128.246,0.31574,1.15433,0.96871,0.98838,1,0.995,0.995,0.13352,1.56053,0.50075,0.0002992,0.0002992,0.0002992
